algorithm,avg_encrypt_us,avg_decrypt_us,throughput_kbps,enc_peak_mem_kb
AES-128-GCM,870.2866666666667,358.84999999999997,289.084,828.2916333333333
ASCON-AEAD128,14730.353333333333,13758.266666666668,5.975633333333334,2.1074
PRESENT-80-CTR-HMAC,318682.11833333335,313175.1883333333,0.33956666666666663,3.2728
SPECK-128/128-CTR-HMAC,3242.203333333333,7754.88,30.283533333333335,4.027333333333334
