algorithm,avg_encrypt_us,avg_decrypt_us,throughput_kbps,enc_peak_mem_kb
AES-128-GCM,2638.705,1622.4650000000001,101.38040000000001,828.1975666666666
ASCON-AEAD128,50388.525,51755.77333333334,1.8212333333333335,2.11
PRESENT-80-CTR-HMAC,342488.5533333333,305515.74166666664,0.2961,3.2754
SPECK-128/128-CTR-HMAC,13338.796666666667,13830.703333333333,6.934366666666667,4.019533333333333
